id,code,name,industry_id:id,sequence
activity_egp_event_agency,EVENT_AGENCY,Agence événementielle,egp_master_data.industry_egp_events,10
activity_egp_event_organizer,EVENT_ORGANIZER,Organisateur d'événements,egp_master_data.industry_egp_events,20
activity_egp_event_production,EVENT_PRODUCTION,Régie événementielle,egp_master_data.industry_egp_events,30
activity_egp_equipment_rental,EQUIPMENT_RENTAL,Location de matériel,egp_master_data.industry_egp_events,40
activity_egp_event_decoration,EVENT_DECORATION,Décoration événementielle,egp_master_data.industry_egp_events,50
activity_egp_ticketing,TICKETING,Billetterie,egp_master_data.industry_egp_events,60
activity_egp_entertainment,ENTERTAINMENT,Animation,egp_master_data.industry_egp_events,70
activity_egp_communication_agency,COMMUNICATION_AGENCY,Agence de communication,egp_master_data.industry_egp_communication,10
activity_egp_marketing_agency,MARKETING_AGENCY,Agence marketing,egp_master_data.industry_egp_communication,20
activity_egp_digital_agency,DIGITAL_AGENCY,Agence digitale,egp_master_data.industry_egp_communication,30
activity_egp_media_agency,MEDIA_AGENCY,Agence média,egp_master_data.industry_egp_communication,40
activity_egp_pr_agency,PR_AGENCY,Agence RP,egp_master_data.industry_egp_communication,50
activity_egp_advertising,ADVERTISING,Publicité,egp_master_data.industry_egp_communication,60
activity_egp_graphic_studio,GRAPHIC_STUDIO,Studio graphique,egp_master_data.industry_egp_communication,70
activity_egp_printing,PRINTING,Imprimerie,egp_master_data.industry_egp_communication,80
activity_egp_av_production,AV_PRODUCTION,Société de production audiovisuelle,egp_master_data.industry_egp_production,10
activity_egp_film_production,FILM_PRODUCTION,Société de production cinématographique,egp_master_data.industry_egp_production,20
activity_egp_tv_production,TV_PRODUCTION,Société de production TV,egp_master_data.industry_egp_production,30
activity_egp_film_studio,FILM_STUDIO,Studio de tournage,egp_master_data.industry_egp_production,40
activity_egp_video_recording,VIDEO_RECORDING,Captation vidéo,egp_master_data.industry_egp_production,50
activity_egp_streaming,STREAMING,Streaming,egp_master_data.industry_egp_production,60
activity_egp_post_production,POST_PRODUCTION,Post-production,egp_master_data.industry_egp_production,70
activity_egp_av_equipment_rental,AV_EQUIPMENT_RENTAL,Location de matériel audiovisuel,egp_master_data.industry_egp_production,80
activity_egp_show_production,SHOW_PRODUCTION,Société de production de spectacles,egp_master_data.industry_egp_production,90
activity_egp_festival_organizer,FESTIVAL_ORGANIZER,Organisateur de festivals,egp_master_data.industry_egp_production,100
activity_egp_dj,DJ,DJ,egp_master_data.industry_egp_production,110
activity_egp_magician,MAGICIAN,Magicien,egp_master_data.industry_egp_production,120
activity_egp_comedian,COMEDIAN,Humoriste,egp_master_data.industry_egp_production,130
activity_egp_theater_company,THEATER_COMPANY,Compagnie de théâtre,egp_master_data.industry_egp_production,140
activity_egp_musician,MUSICIAN,Musicien,egp_master_data.industry_egp_production,150
activity_egp_orchestra_prod,ORCHESTRA_PROD,Orchestre,egp_master_data.industry_egp_production,160
activity_egp_av_provider,AV_PROVIDER,Prestataire audiovisuel,egp_master_data.industry_egp_production,170
activity_egp_venue,VENUE,Salle de spectacle,egp_master_data.industry_egp_culture,10
activity_egp_theater,THEATER,Théâtre,egp_master_data.industry_egp_culture,20
activity_egp_festival,FESTIVAL,Festival,egp_master_data.industry_egp_culture,30
activity_egp_museum,MUSEUM,Musée,egp_master_data.industry_egp_culture,40
activity_egp_cultural_center,CULTURAL_CENTER,Centre culturel,egp_master_data.industry_egp_culture,50
activity_egp_artistic_company,ARTISTIC_COMPANY,Compagnie artistique,egp_master_data.industry_egp_culture,60
activity_egp_orchestra,ORCHESTRA,Orchestre,egp_master_data.industry_egp_culture,70
activity_egp_cultural_association,CULTURAL_ASSOCIATION,Association culturelle,egp_master_data.industry_egp_culture,80
activity_egp_church,CHURCH,Église,egp_master_data.industry_egp_worship,10
activity_egp_parish,PARISH,Paroisse,egp_master_data.industry_egp_worship,20
activity_egp_diocese,DIOCESE,Diocèse,egp_master_data.industry_egp_worship,30
activity_egp_church_union,CHURCH_UNION,Union d'Églises,egp_master_data.industry_egp_worship,40
activity_egp_worship_association,WORSHIP_ASSOCIATION,Association cultuelle,egp_master_data.industry_egp_worship,50
activity_egp_mission,MISSION,Mission,egp_master_data.industry_egp_worship,60
activity_egp_charity_work,CHARITY_WORK,Œuvre,egp_master_data.industry_egp_worship,70
activity_egp_religious_federation,RELIGIOUS_FEDERATION,Fédération religieuse,egp_master_data.industry_egp_worship,80
activity_egp_nursery_school,NURSERY_SCHOOL,École maternelle,egp_master_data.industry_egp_education,10
activity_egp_primary_school,PRIMARY_SCHOOL,École primaire,egp_master_data.industry_egp_education,20
activity_egp_middle_school,MIDDLE_SCHOOL,Collège,egp_master_data.industry_egp_education,30
activity_egp_high_school,HIGH_SCHOOL,Lycée,egp_master_data.industry_egp_education,40
activity_egp_university,UNIVERSITY,Université,egp_master_data.industry_egp_education,50
activity_egp_grande_ecole,GRANDE_ECOLE,Grande école,egp_master_data.industry_egp_education,60
activity_egp_cfa,CFA,CFA,egp_master_data.industry_egp_education,70
activity_egp_training_body,TRAINING_BODY,Organisme de formation,egp_master_data.industry_egp_education,80
activity_egp_training_center,TRAINING_CENTER,Centre de formation,egp_master_data.industry_egp_education,90
activity_egp_city_hall,CITY_HALL,Mairie,egp_master_data.industry_egp_institutional,10
activity_egp_department,DEPARTMENT,Département,egp_master_data.industry_egp_institutional,20
activity_egp_region,REGION,Région,egp_master_data.industry_egp_institutional,30
activity_egp_prefecture,PREFECTURE,Préfecture,egp_master_data.industry_egp_institutional,40
activity_egp_ministry,MINISTRY,Ministère,egp_master_data.industry_egp_institutional,50
activity_egp_rectorate,RECTORATE,Rectorat,egp_master_data.industry_egp_institutional,60
activity_egp_embassy,EMBASSY,Ambassade,egp_master_data.industry_egp_institutional,70
activity_egp_consulate,CONSULATE,Consulat,egp_master_data.industry_egp_institutional,80
activity_egp_chamber_of_commerce,CHAMBER_OF_COMMERCE,Chambre de commerce,egp_master_data.industry_egp_institutional,90
activity_egp_public_office,PUBLIC_OFFICE,Office public,egp_master_data.industry_egp_institutional,100
activity_egp_hospital,HOSPITAL,Hôpital,egp_master_data.industry_egp_health,10
activity_egp_clinic,CLINIC,Clinique,egp_master_data.industry_egp_health,20
activity_egp_health_center,HEALTH_CENTER,Centre de santé,egp_master_data.industry_egp_health,30
activity_egp_laboratory,LABORATORY,Laboratoire,egp_master_data.industry_egp_health,40
activity_egp_ehpad,EHPAD,EHPAD,egp_master_data.industry_egp_health,50
activity_egp_medical_practice,MEDICAL_PRACTICE,Cabinet médical,egp_master_data.industry_egp_health,60
activity_egp_pharmacy,PHARMACY,Pharmacie,egp_master_data.industry_egp_health,70
activity_egp_mutual_health,MUTUAL_HEALTH,Mutuelle,egp_master_data.industry_egp_health,80
activity_egp_automotive,AUTOMOTIVE,Automobile,egp_master_data.industry_egp_manufacturing,10
activity_egp_aeronautics,AERONAUTICS,Aéronautique,egp_master_data.industry_egp_manufacturing,20
activity_egp_pharmaceutical,PHARMACEUTICAL,Pharmaceutique,egp_master_data.industry_egp_manufacturing,30
activity_egp_chemistry,CHEMISTRY,Chimie,egp_master_data.industry_egp_manufacturing,40
activity_egp_food_industry,FOOD_INDUSTRY,Agroalimentaire,egp_master_data.industry_egp_manufacturing,50
activity_egp_metallurgy,METALLURGY,Métallurgie,egp_master_data.industry_egp_manufacturing,60
activity_egp_electronics,ELECTRONICS,Électronique,egp_master_data.industry_egp_manufacturing,70
activity_egp_industrial_energy,INDUSTRIAL_ENERGY,Énergie industrielle,egp_master_data.industry_egp_manufacturing,80
activity_egp_retail_store,RETAIL_STORE,Commerce de détail,egp_master_data.industry_egp_retail,10
activity_egp_wholesaler,WHOLESALER,Grossiste,egp_master_data.industry_egp_retail,20
activity_egp_distributor,DISTRIBUTOR,Distributeur,egp_master_data.industry_egp_retail,30
activity_egp_purchasing_group,PURCHASING_GROUP,Centrale d'achat,egp_master_data.industry_egp_retail,40
activity_egp_ecommerce,ECOMMERCE,E-commerce,egp_master_data.industry_egp_retail,50
activity_egp_franchise,FRANCHISE,Franchise,egp_master_data.industry_egp_retail,60
activity_egp_national_brand,NATIONAL_BRAND,Enseigne nationale,egp_master_data.industry_egp_retail,70
activity_egp_bank,BANK,Banque,egp_master_data.industry_egp_banking,10
activity_egp_insurance,INSURANCE,Assurance,egp_master_data.industry_egp_banking,20
activity_egp_mutual_insurance,MUTUAL_INSURANCE,Mutuelle,egp_master_data.industry_egp_banking,30
activity_egp_broker,BROKER,Courtier,egp_master_data.industry_egp_banking,40
activity_egp_financial_body,FINANCIAL_BODY,Organisme financier,egp_master_data.industry_egp_banking,50
activity_egp_property_developer,PROPERTY_DEVELOPER,Promoteur,egp_master_data.industry_egp_real_estate,10
activity_egp_real_estate_agency,REAL_ESTATE_AGENCY,Agence immobilière,egp_master_data.industry_egp_real_estate,20
activity_egp_social_landlord,SOCIAL_LANDLORD,Bailleur social,egp_master_data.industry_egp_real_estate,30
activity_egp_property_company,PROPERTY_COMPANY,Foncière,egp_master_data.industry_egp_real_estate,40
activity_egp_property_manager,PROPERTY_MANAGER,Syndic,egp_master_data.industry_egp_real_estate,50
activity_egp_facility_owner,FACILITY_OWNER,Gestionnaire immobilier,egp_master_data.industry_egp_real_estate,60
activity_egp_general_contractor,GENERAL_CONTRACTOR,Entreprise générale,egp_master_data.industry_egp_construction,10
activity_egp_architect,ARCHITECT,Architecte,egp_master_data.industry_egp_construction,20
activity_egp_engineering_office,ENGINEERING_OFFICE,Bureau d'études,egp_master_data.industry_egp_construction,30
activity_egp_public_works,PUBLIC_WORKS,Travaux publics,egp_master_data.industry_egp_construction,40
activity_egp_civil_engineering,CIVIL_ENGINEERING,Génie civil,egp_master_data.industry_egp_construction,50
activity_egp_project_management,PROJECT_MANAGEMENT,Maîtrise d'œuvre,egp_master_data.industry_egp_construction,60
activity_egp_it_services,IT_SERVICES,ESN,egp_master_data.industry_egp_it,10
activity_egp_software_editor,SOFTWARE_EDITOR,Éditeur logiciel,egp_master_data.industry_egp_it,20
activity_egp_startup,STARTUP,Startup,egp_master_data.industry_egp_it,30
activity_egp_cybersecurity,CYBERSECURITY,Cybersécurité,egp_master_data.industry_egp_it,40
activity_egp_cloud,CLOUD,Cloud,egp_master_data.industry_egp_it,50
activity_egp_ai,AI,IA,egp_master_data.industry_egp_it,60
activity_egp_it_consulting,IT_CONSULTING,Conseil IT,egp_master_data.industry_egp_it,70
activity_egp_hosting,HOSTING,Hébergeur,egp_master_data.industry_egp_it,80
activity_egp_telecom_operator,TELECOM_OPERATOR,Opérateur télécom,egp_master_data.industry_egp_telecom,10
activity_egp_isp,ISP,Fournisseur Internet,egp_master_data.industry_egp_telecom,20
activity_egp_network_integrator,NETWORK_INTEGRATOR,Intégrateur réseau,egp_master_data.industry_egp_telecom,30
activity_egp_road_transport,ROAD_TRANSPORT,Transport routier,egp_master_data.industry_egp_transport,10
activity_egp_rail_transport,RAIL_TRANSPORT,Transport ferroviaire,egp_master_data.industry_egp_transport,20
activity_egp_air_transport,AIR_TRANSPORT,Transport aérien,egp_master_data.industry_egp_transport,30
activity_egp_sea_transport,SEA_TRANSPORT,Transport maritime,egp_master_data.industry_egp_transport,40
activity_egp_logistics,LOGISTICS,Logistique,egp_master_data.industry_egp_transport,50
activity_egp_delivery,DELIVERY,Livraison,egp_master_data.industry_egp_transport,60
activity_egp_hotel,HOTEL,Hôtel,egp_master_data.industry_egp_tourism,10
activity_egp_hotel_group,HOTEL_GROUP,Groupe hôtelier,egp_master_data.industry_egp_tourism,20
activity_egp_travel_agency,TRAVEL_AGENCY,Agence de voyages,egp_master_data.industry_egp_tourism,30
activity_egp_tour_operator,TOUR_OPERATOR,Tour-opérateur,egp_master_data.industry_egp_tourism,40
activity_egp_tourist_residence,TOURIST_RESIDENCE,Résidence de tourisme,egp_master_data.industry_egp_tourism,50
activity_egp_restaurant,RESTAURANT,Restaurant,egp_master_data.industry_egp_catering,10
activity_egp_caterer,CATERER,Traiteur,egp_master_data.industry_egp_catering,20
activity_egp_brasserie,BRASSERIE,Brasserie,egp_master_data.industry_egp_catering,30
activity_egp_cafe,CAFE,Café,egp_master_data.industry_egp_catering,40
activity_egp_bar,BAR,Bar,egp_master_data.industry_egp_catering,50
activity_egp_food_truck,FOOD_TRUCK,Food truck,egp_master_data.industry_egp_catering,60
activity_egp_catering_service,CATERING_SERVICE,Catering,egp_master_data.industry_egp_catering,70
activity_egp_farm,FARM,Exploitation agricole,egp_master_data.industry_egp_agrifood,10
activity_egp_agricultural_coop,AGRICULTURAL_COOP,Coopérative agricole,egp_master_data.industry_egp_agrifood,20
activity_egp_agrifood_industry,AGRIFOOD_INDUSTRY,Industrie agroalimentaire,egp_master_data.industry_egp_agrifood,30
activity_egp_wine_growing,WINE_GROWING,Viticulture,egp_master_data.industry_egp_agrifood,40
activity_egp_sports_club,SPORTS_CLUB,Club sportif,egp_master_data.industry_egp_sport,10
activity_egp_sports_federation,SPORTS_FEDERATION,Fédération sportive,egp_master_data.industry_egp_sport,20
activity_egp_gym,GYM,Salle de sport,egp_master_data.industry_egp_sport,30
activity_egp_sports_organizer,SPORTS_ORGANIZER,Organisateur sportif,egp_master_data.industry_egp_sport,40
activity_egp_sports_association,SPORTS_ASSOCIATION,Association sportive,egp_master_data.industry_egp_sport,50
activity_egp_press,PRESS,Presse,egp_master_data.industry_egp_media,10
activity_egp_radio,RADIO,Radio,egp_master_data.industry_egp_media,20
activity_egp_television,TELEVISION,Télévision,egp_master_data.industry_egp_media,30
activity_egp_digital_media,DIGITAL_MEDIA,Média numérique,egp_master_data.industry_egp_media,40
activity_egp_publishing_house,PUBLISHING_HOUSE,Maison d'édition,egp_master_data.industry_egp_media,50
activity_egp_press_agency,PRESS_AGENCY,Agence de presse,egp_master_data.industry_egp_media,60
activity_egp_content_creator,CONTENT_CREATOR,Créateur de contenu,egp_master_data.industry_egp_media,70
activity_egp_energy_producer,ENERGY_PRODUCER,Producteur d'énergie,egp_master_data.industry_egp_energy,10
activity_egp_energy_supplier,ENERGY_SUPPLIER,Fournisseur d'énergie,egp_master_data.industry_egp_energy,20
activity_egp_grid_operator,GRID_OPERATOR,Gestionnaire de réseau,egp_master_data.industry_egp_energy,30
activity_egp_renewable_energy,RENEWABLE_ENERGY,Énergies renouvelables,egp_master_data.industry_egp_energy,40
activity_egp_waste_management,WASTE_MANAGEMENT,Gestion des déchets,egp_master_data.industry_egp_environment,10
activity_egp_recycling,RECYCLING,Recyclage,egp_master_data.industry_egp_environment,20
activity_egp_environmental_consulting,ENVIRONMENTAL_CONSULTING,Conseil environnemental,egp_master_data.industry_egp_environment,30
activity_egp_sustainability,SUSTAINABILITY,Développement durable,egp_master_data.industry_egp_environment,40
activity_egp_research_center,RESEARCH_CENTER,Centre de recherche,egp_master_data.industry_egp_research,10
activity_egp_research_laboratory,RESEARCH_LABORATORY,Laboratoire,egp_master_data.industry_egp_research,20
activity_egp_deeptech_startup,DEEPTECH_STARTUP,Startup DeepTech,egp_master_data.industry_egp_research,30
activity_egp_rd,RD,R&D,egp_master_data.industry_egp_research,40
activity_egp_police,POLICE,Police,egp_master_data.industry_egp_defense,10
activity_egp_gendarmerie,GENDARMERIE,Gendarmerie,egp_master_data.industry_egp_defense,20
activity_egp_army,ARMY,Armée,egp_master_data.industry_egp_defense,30
activity_egp_private_security,PRIVATE_SECURITY,Sécurité privée,egp_master_data.industry_egp_defense,40
activity_egp_ssiap,SSIAP,SSIAP,egp_master_data.industry_egp_defense,50
activity_egp_court,COURT,Tribunal,egp_master_data.industry_egp_justice,10
activity_egp_law_firm,LAW_FIRM,Cabinet d'avocats,egp_master_data.industry_egp_justice,20
activity_egp_notary,NOTARY,Notaire,egp_master_data.industry_egp_justice,30
activity_egp_bailiff,BAILIFF,Commissaire de justice,egp_master_data.industry_egp_justice,40
activity_egp_social_association,SOCIAL_ASSOCIATION,Association sociale,egp_master_data.industry_egp_social,10
activity_egp_medico_social,MEDICO_SOCIAL,Établissement médico-social,egp_master_data.industry_egp_social,20
activity_egp_integration,INTEGRATION,Insertion,egp_master_data.industry_egp_social,30
activity_egp_disability,DISABILITY,Handicap,egp_master_data.industry_egp_social,40
activity_egp_child_protection,CHILD_PROTECTION,Protection de l'enfance,egp_master_data.industry_egp_social,50
activity_egp_ngo,NGO,ONG,egp_master_data.industry_egp_humanitarian,10
activity_egp_humanitarian_association,HUMANITARIAN_ASSOCIATION,Association humanitaire,egp_master_data.industry_egp_humanitarian,20
activity_egp_international_cooperation,INTERNATIONAL_COOPERATION,Coopération internationale,egp_master_data.industry_egp_humanitarian,30
activity_egp_holding,HOLDING,Holding,egp_master_data.industry_egp_finance,10
activity_egp_investment_fund,INVESTMENT_FUND,Fonds d'investissement,egp_master_data.industry_egp_finance,20
activity_egp_family_office,FAMILY_OFFICE,Family office,egp_master_data.industry_egp_finance,30
activity_egp_private_equity,PRIVATE_EQUITY,Capital-investissement,egp_master_data.industry_egp_finance,40
activity_egp_consulting_firm,CONSULTING_FIRM,Cabinet de conseil,egp_master_data.industry_egp_business_services,10
activity_egp_hr_firm,HR_FIRM,Cabinet RH,egp_master_data.industry_egp_business_services,20
activity_egp_accounting_firm,ACCOUNTING_FIRM,Cabinet comptable,egp_master_data.industry_egp_business_services,30
activity_egp_audit_firm,AUDIT_FIRM,Cabinet d'audit,egp_master_data.industry_egp_business_services,40
activity_egp_recruitment,RECRUITMENT,Recrutement,egp_master_data.industry_egp_business_services,50
activity_egp_facility_management,FACILITY_MANAGEMENT,Facility management,egp_master_data.industry_egp_business_services,60
activity_egp_translation,TRANSLATION,Traduction,egp_master_data.industry_egp_business_services,70
activity_egp_professional_training,PROFESSIONAL_TRAINING,Formation professionnelle,egp_master_data.industry_egp_business_services,80
activity_egp_other,OTHER,Autre,egp_master_data.industry_egp_other,900
